001,035,074,086,245$ab,264$b,264$c,85640$u1,85640$u2,8564_$u1,8564_$u2
001118449,(OCoLC)1148476100,0807-A-07 (online),LC 14.23:R 46280/,Department of Veterans Affairs' potential role in addressing the COVID-19 outbreak /,"Congressional Research Service,",2018-,https://purl.fdlp.gov/GPO/gpo134750,,https://crsreports.congress.gov/product/details?prodcode=R46280,
001118450,(OCoLC)1148476493,0807-A-07 (online),LC 14.23:R 46261/,Development and regulation of domestic diagnostic testing for novel coronavirus (COVID-19) : frequently asked questions /,"Congressional Research Service,",2018-,https://purl.fdlp.gov/GPO/gpo134858,,https://crsreports.congress.gov/product/details?prodcode=R46261,
001118447,(OCoLC)1148476354,0807-A-07 (online),LC 14.23:R 46285/,"Coronavirus Preparedness and Response Supplemental Appropriations Act, 2020 (P.L. 116-123) : first coronavirus supplemental /","Congressional Research Service,",2018-,https://purl.fdlp.gov/GPO/gpo134735,,https://crsreports.congress.gov/product/details?prodcode=R46285,
001118343,(OCoLC)1148179588,0807-A-09 (online),LC 14.24:IF 11447/,COVID-19: social insurance and other Income-support options for those unable to work /,"Congressional Research Service,",2019-,https://purl.fdlp.gov/GPO/gpo134865,,https://crsreports.congress.gov/product/details?prodcode=IF11447,
001118250,(OCoLC)1147976403,0807-A-09 (online),LC 14.24:IF 11476/,COVID-19: response of the oil and gas pipelines sector /,"Congressional Research Service,",2019-,https://purl.fdlp.gov/GPO/gpo134745,,https://crsreports.congress.gov/product/details?prodcode=IF11476,
001118247,(OCoLC)1147976283,0807-A-09 (online),LC 14.24:IF 11454/,"Telework in executive agencies: background, OPM guidance, and 116th Congress legislation following coronavirus /","Congressional Research Service,",2019-,https://purl.fdlp.gov/GPO/gpo134742,,https://crsreports.congress.gov/product/details?prodcode=IF11454,
001118459,(OCoLC)1148477195,0807-A-09 (online),LC 14.24:IF 11474/,Treasury's Exchange Stabilization Fund and COVID-19 /,"Congressional Research Service,",2019-,https://purl.fdlp.gov/GPO/gpo135195,,https://crsreports.congress.gov/product/details?prodcode=IF11474,
001118346,(OCoLC)1148180085,0807-A-09 (online),LC 14.24:IF 11434/,COVID-19: U.S.-China economic considerations /,"Congressional Research Service,",2019-,https://purl.fdlp.gov/GPO/gpo134872,,https://crsreports.congress.gov/product/details?prodcode=IF11434,
001118248,(OCoLC)1147976491,0807-A-09 (online),LC 14.24:IF 11421/,COVID-19: global implications and responses /,"Congressional Research Service,",2019-,https://purl.fdlp.gov/GPO/gpo134743,,https://crsreports.congress.gov/product/details?prodcode=IF11421,
001118348,(OCoLC)1148179950,0807-A-09 (online),LC 14.24:IF 11472/,Withdrawals and loans from retirement accounts for COVID-19 expenses /,"Congressional Research Service,",2019-,https://purl.fdlp.gov/GPO/gpo134878,,https://crsreports.congress.gov/product/details?prodcode=IF11472,
001118339,(OCoLC)1148179174,0807-A-12 (online),LC 14.25/2:IN 11261/,COVID-19 and stimulus payments to individuals : potential impacts of direct payments on family incomes /,"Congressional Research Service,",2020-,https://purl.fdlp.gov/GPO/gpo134859,,https://crsreports.congress.gov/product/details?prodcode=IN11261,
001118142,(OCoLC)1147878284,0807-A-10 (online),LC 14.25:LSB 10428/,COVID-19 and federal procurement contracts /,"Congressional Research Service,",2020-,https://purl.fdlp.gov/GPO/gpo134645,,https://crsreports.congress.gov/product/details?prodcode=LSB10428,
001115600,(OCoLC)1142634142,0504 (online),HE 20.7002:C 81/4,CDC protects and prepares communities.,"Department of Health & Human Services, CDC,",2020.,https://purl.fdlp.gov/GPO/gpo132777,,https://www.cdc.gov/coronavirus/2019-ncov/downloads/infographic-cdc-protects-508.pdf,
001118515,(OCoLC)1149014542,0504-W-39 (online),HE 20.7068:,Coronavirus (COVID-19) /,"National Center for Immunization and Respiratory Diseases, Division of Viral Diseases;Centros para el Control y la Prevención de Enfermedades",,https://purl.fdlp.gov/GPO/gpo135231,,https://espanol.cdc.gov/enes/coronavirus/2019-ncov/index.html,
001118528,(OCoLC)1149032491,0504-W-39 (online),HE 20.7068:,Guan zhuang bing du (COVID-19) /,"National Center for Immunization and Respiratory Diseases, Division of Viral Diseases;Centers for Disease Control and Prevention",,https://purl.fdlp.gov/GPO/gpo135245,,https://chinese.cdc.gov/coronavirus/2019-ncov/index.html,
001118542,(OCoLC)1149062910,0504-W-39 (online),HE 20.7068:,Vi-rút corona (COVID-19) /,Centers for Disease Control and Prevention,,https://purl.fdlp.gov/GPO/gpo135251,,https://vietnamese.cdc.gov/coronavirus/2019-ncov/index.html,
001118612,(OCoLC)1149141868,0504-W-39 (online),HE 20.7068:,Koronabaireos (COVID-19) /,Centers for Disease Control and Prevention,,https://purl.fdlp.gov/GPO/gpo135242,,https://korean.cdc.gov/coronavirus/2019-ncov/index.html,
001117595,(OCoLC)1145827670,0766-C-47 (online),PREX 1.32:,Coronavirus (COVID-19) /,The White House,,https://purl.fdlp.gov/GPO/gpo134061,,https://www.coronavirus.gov/,
001118347,(OCoLC)1148180170,0807-A-12 (online),LC 14.25/2:IN 11262/,COVID-19 and direct payments to individuals: summary of the 2020 recovery rebates in the CARES Act (S. 3548) /,"Congressional Research Service,",2020-,https://purl.fdlp.gov/GPO/gpo134877,,https://crsreports.congress.gov/product/details?prodcode=IN11262,
001118462,(OCoLC)1148477196,0807-A-12 (online),LC 14.25/2:IN 11268/,"COVID-19 and direct payments to individuals: summary of the 2020 recovery rebates in the CARES Act, as circulated March 22 /","Congressional Research Service,",2020-,https://purl.fdlp.gov/GPO/gpo135194,,https://crsreports.congress.gov/product/details?prodcode=IN11268,
001118617,(OCoLC)1149142196,0807-A-12 (online),LC 14.25/2:IN 11290/,COVID-19 and direct payments to individuals: will Social Security and Supplemental Security Income beneficiaries receive the recovery rebate in the CARES Act? /,"Congressional Research Service,",2020-,https://purl.fdlp.gov/GPO/gpo135353,,https://crsreports.congress.gov/product/details?prodcode=IN11290,
001118338,(OCoLC)1148179178,0807-A-07 (online),LC 14.23:R 46289/,The National Consortium of Telehealth Resource Centers : COVID-19 assistance /,"Congressional Research Service,",2020-,https://purl.fdlp.gov/GPO/gpo134853,,https://crsreports.congress.gov/product/details?prodcode=R46289,
001118350,(OCoLC)1148180996,0807-A-12 (online),LC 14.25/2:IN 11245/,COVID-19 and the cruise ship industry /,"Congressional Research Service,",2020-,https://purl.fdlp.gov/GPO/gpo134880,,https://crsreports.congress.gov/product/details?prodcode=IN11245,
001118143,(OCoLC)1147915010,0807-A-10 (online),LC 14.25:LSB 10422/,COVID-19 medical countermeasures : intellectual property and affordability /,"Congressional Research Service,",2020-,https://purl.fdlp.gov/GPO/gpo134646,,https://crsreports.congress.gov/product/details?prodcode=LSB10422,
001118249,(OCoLC)1147976499,0807-A-07 (online),LC 14.23:R 46270/,Global economic effects of COVID-19 /,"Congressional Research Service,",[2020]-,https://purl.fdlp.gov/GPO/gpo134739,,https://crsreports.congress.gov/product/details?prodcode=R46270,
001118647,(OCoLC)1149142758,0807-A-12 (online),LC 14.25/2:IN 11279/,COVID-19 and U.S. Iran policy /,"Congressional Research Service,",2020-,https://purl.fdlp.gov/GPO/gpo135381,,https://crsreports.congress.gov/product/details?prodcode=IN11279,
001118154,(OCoLC)1147971408,0807-A-10 (online),LC 14.25:LSB 10433/,Legal issues related to the COVID-19 outbreak : an overview /,"Congressional Research Service,",2020-,https://purl.fdlp.gov/GPO/gpo134653,,https://crsreports.congress.gov/product/details?prodcode=LSB10433,
001118330,(OCoLC)1148178393,0807-A-07 (online),LC 14.23:R 46219/,Overview of U.S. domestic response to coronavirus disease 2019 (COVID-19) /,"Congressional Research Service,",2020-,https://purl.fdlp.gov/GPO/gpo134826,,https://crsreports.congress.gov/product/details?prodcode=R46219,
001118144,(OCoLC)1147914978,0807-A-10 (online),LC 14.25:LSB 10415/,COVID-19 : current travel restrictions and quarantine measures /,"Congressional Research Service,",2020-,https://purl.fdlp.gov/GPO/gpo134647,,https://crsreports.congress.gov/product/details?prodcode=LSB10415,
001118465,(OCoLC)1148477812,0807-A-12 (online),LC 14.25/2:IN 11288/,COVID-19 and the defense industrial base : DOD response and legislative considerations /,"Congressional Research Service,",2020-,https://purl.fdlp.gov/GPO/gpo135208,,https://crsreports.congress.gov/product/details?prodcode=IN11288,
001118163,(OCoLC)1147971619,0807-A-10 (online),LC 14.25:LSB 10425/,Postponing federal elections and the COVID-19 pandemic : legal considerations /,"Congressional Research Service,",2020-,https://purl.fdlp.gov/GPO/gpo134658,,https://crsreports.congress.gov/product/details?prodcode=LSB10425,
001118332,(OCoLC)1148178504,0807-A-07 (online),LC 14.23:R 46279/,"The Coronavirus Aid, Relief, and Economic Security (CARES) Act : tax relief for individuals and businesses /","Congressional Research Service,",2020-,https://purl.fdlp.gov/GPO/gpo134835,,https://crsreports.congress.gov/product/details?prodcode=R46279,
001115783,(OCoLC)1144498840,0504 (online),HE 20.7002:C 81/6/CHIN.,Zǔzhǐ xìjùn chuánbò : Bāngzhù yùfáng hūxīdào bìngdú rú COVID-19 de chuánbò.,"Department of Health & Human Services, CDC,",[2020],https://purl.fdlp.gov/GPO/gpo132856,,https://www.cdc.gov/coronavirus/2019-ncov/downloads/stop-the-spread-of-germs-chinese.pdf,
001118244,(OCoLC)1147976364,0807-A-10 (online),LC 14.25:LSB 10435/,The Federal Reserve's legal authorities for responding to the economic impacts of COVID-19 /,"Congressional Research Service,",2020-,https://purl.fdlp.gov/GPO/gpo134728,,https://crsreports.congress.gov/product/details?prodcode=LSB10435,
001115790,(OCoLC)1144498602,0504 (online),HE 20.7002:C 81/7/SPAN.,Síntomas de la enfermedad del coronavirus 2019.,"Department of Health & Human Services USA, CDC,",[2020],https://purl.fdlp.gov/GPO/gpo132860,,https://www.cdc.gov/coronavirus/2019-ncov/downloads/COVID19-symptoms-sp.pdf,
001118252,(OCoLC)1147976585,0807-A-07 (online),LC 14.23:R 46288/,Occupational Safety and Health Administration (OSHA) : Emergency Temporary Standards (ETS) and COVID-19 /,"Congressional Research Service,",2020-,https://purl.fdlp.gov/GPO/gpo134749,,https://crsreports.congress.gov/product/details?prodcode=R46288,
001118642,(OCoLC)1149142950,0445-B-07 (online),HE 1.75:OEI-06-20-00300,"Hospital experiences responding to the COVID-19 pandemic : results of a National Pulse Survey March 23-27, 2020 /","U.S. Department of Health and Human Services, Office of Inspector General,",2020.,https://purl.fdlp.gov/GPO/gpo135372,,https://oig.hhs.gov/oei/reports/oei-06-20-00300.pdf,
001117703,(OCoLC)1145939049,0575-A-02 (online),AE 2.110:116-123,"Coronavirus Preparedness and Response Supplemental Appropriations Act, 2020.","[U.S. Government Publishing Office],",[2020],https://purl.fdlp.gov/GPO/gpo134152,https://purl.fdlp.gov/GPO/gpo134153,https://www.govinfo.gov/content/pkg/PLAW-116publ123/pdf/PLAW-116publ123.pdf,https://www.govinfo.gov/content/pkg/PLAW-116publ123/html/PLAW-116publ123.htm
001118414,(OCoLC)1148475787,0575-A-02 (online),AE 2.110:116-127,Families First Coronavirus Response Act,"[U.S. Government Publishing Office],",[2020],https://purl.fdlp.gov/GPO/gpo134845,https://purl.fdlp.gov/GPO/gpo134848,https://www.govinfo.gov/content/pkg/PLAW-116publ127/pdf/PLAW-116publ127.pdf,https://www.govinfo.gov/content/pkg/PLAW-116publ127/html/PLAW-116publ127.htm
001117404,(OCoLC)1145341787,0996-F (online),Y 1.1/7:116-109,"Designation of emergency requirements in the Second Coronavirus Preparedness and Response Supplemental Appropriations Act : communication from the President of the United States transmitting a designation of funding as an emergency requirement all funding so designated by the Congress pursuant to Public Law 116-6, sec. 7058(d)(5); (133 STAT. 374) and section 1706 of the Second Coronavirus Preparedness and Response Supplemental Appropriations Act, 2020.","U.S. Government Publishing Office,",2020.,http://purl.fdlp.gov/GPO/gpo133867,,https://www.govinfo.gov/content/pkg/CDOC-116hdoc109/pdf/CDOC-116hdoc109.pdf,
001118219,(OCoLC)1147975075,0996-F (online),Y 1.1/7:116-112,"Designation of funding as an emergency requirement : communication from the President of the United States transmitting notification of designation of funding as an emergency requirement, pursuant to Public Law 116-9, sec. 6(a); (133 Stat. 2318).","U.S. Government Publishing Office,",2020.,http://purl.fdlp.gov/GPO/gpo134681,,https://www.govinfo.gov/content/pkg/CDOC-116hdoc112/pdf/CDOC-116hdoc112.pdf,
001118881,(OCoLC)1149924807,0996-A-02,Y 1.1/7:116-106,"Designation of emergency requirements in the Coronavirus Preparedness and Response Supplemental Appropriations Act : message from the President of the United States transmitting designation of funding as an emergency requirement all funding so designated by the Congress pursuant to Section 50 of Division A of the Coronavirus Preparedness and Response Supplemental Appropriations Act, 2020.","U.S. Government Publishing Office,",2020.,,,,
001118882,(OCoLC)1149924766,0996-F (online),Y 1.1/7:116-106,"Designation of emergency requirements in the Coronavirus Preparedness and Response Supplemental Appropriations Act : message from the President of the United States transmitting designation of funding as an emergency requirement all funding so designated by the Congress pursuant to Section 50 of Division A of the Coronavirus Preparedness and Response Supplemental Appropriations Act, 2020.","U.S. Government Publishing Office,",2020.,http://purl.fdlp.gov/GPO/gpo135601,,https://www.govinfo.gov/content/pkg/CDOC-116hdoc106/pdf/CDOC-116hdoc106.pdf,
001119116,(OCoLC)1150882952,0996-A-02,Y 1.1/7:116-109,"Designation of emergency requirements in the Second Coronavirus Preparedness and Response Supplemental Appropriations Act : communication from the President of the United States transmitting a designation of funding as an emergency requirement all funding so designated by the Congress pursuant to Public Law 116-6, sec. 7058(d)(5); (133 STAT. 374) and section 1706 of the Second Coronavirus Preparedness and Response Supplemental Appropriations Act, 2020.","U.S. Government Publishing Office,",2020.,,,,
001117190,(OCoLC)1145123206,0996-F (online),Y 1.1/7:116-108,"Declaration of a national emergency concerning the novel coronavirus disease (COVID-19) outbreak : message from the President of the United States, transmitting an executive order declaring that the outbreak of coronavirus disease (COVID-19) in the United States constitutes a national emergency, pursuant to 50 U.S.C. 1621(a); Public law 94-412, Sec. 201(a); (90 Stat. 1255) and 42 U.S.C. 1320b-5(d); Aug. 14, 1935; Ch. 531, Title XI, sec. 1135(d) (as added by Public law 107-188, Sec. 143(a)); (116 Stat. 628).","U.S. Government Publishing Office,",2020.,https://purl.fdlp.gov/GPO/gpo133645,https://purl.fdlp.gov/GPO/gpo133647,https://www.govinfo.gov/content/pkg/CDOC-116hdoc108/pdf/CDOC-116hdoc108.pdf,https://www.govinfo.gov/content/pkg/CDOC-116hdoc108/html/CDOC-116hdoc108.htm
001118313,(OCoLC)1148175023,0996-F (online),Y 1.1/7:116-113,"National emergency authority to order the selected reserve and certain members of the individual ready reserve of the armed forces to active duty : communication from the President of the United States transmitting notification of national emergency authority to order the selected reserve and certain members of the individual ready reserve of the armed forces to active duty, pursuant to 50 U.S.C. 1631; Public Law 94-412, sec. 301; (90 Stat. 1257).","U.S. Government Publishing Office,",2020.,https://purl.fdlp.gov/GPO/gpo134773,https://purl.fdlp.gov/GPO/gpo134817,https://www.govinfo.gov/content/pkg/CDOC-116hdoc113/pdf/CDOC-116hdoc113.pdf,https://www.govinfo.gov/content/pkg/CDOC-116hdoc113/html/CDOC-116hdoc113.htm
001115523,(OCoLC)1142634205,0504 (online),HE 20.7002:C 81/3/CHINESE,Ru guo nin gan ran le guan zhuang bing du ji bing 2019 (COVID-19) gai zen me ban.,"Department of Health & Human Services, CDC,",2020.,https://purl.fdlp.gov/GPO/gpo132746,,https://www.cdc.gov/coronavirus/2019-ncov/downloads/sick-with-2019-nCoV-fact-sheet-chinese.pdf,
001115527,(OCoLC)1142634030,0504 (online),HE 20.7002:C 81/3/SPAN.,Qué hacer si se contrae la enfermedad del coronavirus 2019 (COVID-19).,"Department of Health & Human Services, CDC,",2020.,https://purl.fdlp.gov/GPO/gpo132749,,https://www.cdc.gov/coronavirus/2019-ncov/downloads/sick-with-2019-nCoV-fact-sheet-sp.pdf,
001115514,(OCoLC)1142633263,0504 (online),HE 20.7002:C 81/2/CHINESE,Guan yu guan zhuang bing du ji bing (COVID-19) nin xu yao zhi dao shen me.,"Department of Health & Human Services, CDC,",2020.,https://purl.fdlp.gov/GPO/gpo132743,,https://www.cdc.gov/coronavirus/2019-ncov/downloads/2019-ncov-factsheet-chinese.pdf,
001115520,(OCoLC)1142633348,0504 (online),HE 20.7002:C 81/2/SPAN.,Lo que necesita saber sobre la enfermedad del coronavirus 2019 (COVID-19).,"Department of Health & Human Services, CDC,",2020.,https://purl.fdlp.gov/GPO/gpo132744,,https://www.cdc.gov/coronavirus/2019-ncov/downloads/2019-ncov-factsheet-sp.pdf,
001115507,(OCoLC)1142633208,0504 (online),HE 20.7002:C 81/2,What you need to know about coronavirus disease 2019 (COVID-19).,"Department of Health & Human Services, CDC,",2020.,https://purl.fdlp.gov/GPO/gpo132738,,https://www.cdc.gov/coronavirus/2019-ncov/downloads/2019-ncov-factsheet.pdf,
001115509,(OCoLC)1142634075,0504 (online),HE 20.7002:C 81/3,What to do if you are sick with coronavirus disease 2019 (COVID-19).,"Department of Health & Human Services, CDC,",2020.,https://purl.fdlp.gov/GPO/gpo132740,,https://www.cdc.gov/coronavirus/2019-ncov/downloads/sick-with-2019-nCoV-fact-sheet.pdf,
001115712,(OCoLC)1142197203,0504-W-39 (online),HE 20.7068:,Coronavirus (COVID-19) /,"National Center for Immunization and Respiratory Diseases (NCIRD), Division of Viral Diseases",,https://purl.fdlp.gov/GPO/gpo132826,,https://www.cdc.gov/coronavirus/2019-ncov/index.html,
001115774,(OCoLC)1143315268,0504 (online),HE 20.7002:C 81/5,Coronavirus disease 2019 (COVID-19) hospital preparedness assessment tool.,"Department of Health & Human Services, CDC,",2020.,https://purl.fdlp.gov/GPO/gpo132849,,https://www.cdc.gov/coronavirus/2019-ncov/downloads/hospital-preparedness-checklist.pdf,
001115777,(OCoLC)1143314452,0504 (online),HE 20.7002:C 81/6,Stop the spread of germs : help prevent the spread of respiratory diseases like COVID-19.,"Department of Health & Human Services, CDC,",[2020],https://purl.fdlp.gov/GPO/gpo132851,,https://www.cdc.gov/coronavirus/2019-ncov/downloads/stop-the-spread-of-germs.pdf,
001115787,(OCoLC)1144498568,0504 (online),HE 20.7002:C 81/7,Symptoms of coronavirus disease 2019.,"Department of Health & Human Services USA, CDC,",[2020],https://purl.fdlp.gov/GPO/gpo132858,,https://www.cdc.gov/coronavirus/2019-ncov/downloads/COVID19-symptoms.pdf,
001115880,(OCoLC)1143433169,0504 (online),HE 20.7002:C 81/9,Coronavirus disease 2019 (COVID-19) risk assessment and public health management decision making.,"U.S. Department of Health and Human Services, Centers for Disease Control and Prevention,",2020.,https://purl.fdlp.gov/GPO/gpo133012,,https://www.cdc.gov/coronavirus/2019-ncov/downloads/public-health-management-decision-making.pdf,
001115966,(OCoLC)1143764520,0504 (online),HE 20.7002:C 81/10,Share facts about COVID-19 : know the facts about coronavirus disease 2019 (COVID-19) and help stop the spread of rumors.,"U.S. Department of Health and Human Services, Centers for Disease Control and Prevention,",2020.,https://purl.fdlp.gov/GPO/gpo133108,,https://www.cdc.gov/coronavirus/2019-ncov/about/share-facts-h.pdf,
001115976,(OCoLC)1143765583,0504 (online),HE 20.7002:C 81/12,What healthcare personnel should know about caring for patients with confirmed or possible coronavirus disease 2019 (COVID-19).,"U.S. Department of Health and Human Services, Centers for Disease Control and Prevention,",2020.,https://purl.fdlp.gov/GPO/gpo133114,,https://www.cdc.gov/coronavirus/2019-ncov/hcp/caring-for-patients-H.pdf,
001115981,(OCoLC)1143765529,0504 (online),HE 20.7002:C 81/13,Healthcare professional preparedness checklist for transport and arrival of patients with confirmed or possible COVID-19.,"U.S. Department of Health and Human Services, Centers for Disease Control and Prevention,",[2020],https://purl.fdlp.gov/GPO/gpo133120,,https://www.cdc.gov/coronavirus/2019-ncov/downloads/hcp-preparedness-checklist.pdf,
001117385,(OCoLC)1145340304,1002-C (online),Y 4.T 19/4:T 19/177,"Technical explanation of Division G, ""Tax credits for paid sick and paid family and medical leave,"" of H.R. 6201, the ""Families First Coronavirus Response Act"" /","[Joint Committee on Taxation],",[2020],https://purl.fdlp.gov/GPO/gpo133857,,https://www.jct.gov/publications.html?func=startdown&id=5251,
001117424,(OCoLC)1145402331,0504 (online),HE 20.7002:H 75/2,Stay home if you're sick.,"U.S. Department of Health and Human Services, Centers for Disease Control and Prevention,",[2020],https://purl.fdlp.gov/GPO/gpo133885,,https://www.cdc.gov/nonpharmaceutical-interventions/pdf/stay-home-youre-sick-employers-item4.pdf,
001117492,(OCoLC)1150784825,0504 (online),HE 20.7002:C 81/17/SANTA CLARA,"CDC's recommendations for 30 day mitigation strategies for Santa Clara County, California, based on current situation with COVID-19 transmission and affected health care facilities.","Department of Health & Human Services, CDC,",[2020].,https://purl.fdlp.gov/GPO/gpo133959,,https://www.cdc.gov/coronavirus/2019-ncov/downloads/Santa-Clara_Community_Mitigation.pdf,
001117516,(OCoLC)1150785528,0504 (online),HE 20.7002:C 81/17/NEW ROCHELLE,"CDC's recommendations for the next 30 days of mitigation strategies for New Rochelle, New York (Westchester County), based on current situation with widespread COVID-19 transmission and affected health care facilities.","Department of Health & Human Services, CDC,",[2020].,https://purl.fdlp.gov/GPO/gpo133971,,https://www.cdc.gov/coronavirus/2019-ncov/downloads/New-Rochelle_Community_Mitigation.pdf,
001117532,(OCoLC)1150315356,0504 (online),HE 20.7002:C 81/17/FLORIDA,"CDC's recomendations for implementation of mitigation strategies for Florida, based on current situation with COVID-19 transmission and consideration of the state's large older adult population.","Department of Health & Human Services, CDC,",[2020].,https://purl.fdlp.gov/GPO/gpo133995,,https://www.cdc.gov/coronavirus/2019-ncov/downloads/FL_Community_Mitigation.pdf,
001117664,(OCoLC)1150301092,0504 (online),HE 20.7002:C 81/3/VIETNAMESE,"Phải làm gì nếu bạn nhiễm bệnh do vi rút corona 2019 (COVID-19) : Nếu bạn mắc bệnh COVID-19 hoặc nghi ngờ bạn bị nhiễm vi-rút gây ra COVID-199, hãy làm theo các bước dưới đây để giúp ngăn ngừa bệnh lây lan sang mọi người trong nhà và cộng đồng của bạn.","Department of Health & Human Services, CDC,",2020.,https://purl.fdlp.gov/GPO/gpo134120,,https://www.cdc.gov/coronavirus/2019-ncov/downloads/sick-with-2019-nCoV-fact-sheet-vietnamese.pdf,
001117796,(OCoLC)1149924282,0504 (online),HE 20.7002:C 81/3/HAITIAN-CREOLE,"Kisa pou fè si ou malad avèkmaladi kowonaviris 2019 (COVID-19) : Si ou malad avèk COVID-19 oswa ou sispèk ou enfekte avèk viris ki lakòz COVID-19 lan , swiv etap yo ki anba a pou ede evite maladi a gaye sou moun lakay ou ak nan kominote ou.","Department of Health & Human Services, CDC,",2020.,https://purl.fdlp.gov/GPO/gpo134235,,https://www.cdc.gov/coronavirus/2019-ncov/downloads/sick-with-2019-nCoV-fact-sheet-haitian-creole.pdf,
001117858,(OCoLC)1149924326,0504 (online),HE 20.7002:C 81/6/SOMALI,Jooji faafidda jeermiska : Gacan ka gayso kahortagga faadda cudurrada neefmareenka sida COVID-19.,"Department of Health & Human Services, CDC,",2020.,https://purl.fdlp.gov/GPO/gpo134306,,https://www.cdc.gov/coronavirus/2019-ncov/downloads/stop-the-spread-of-germs-somali.pdf,
001118012,(OCoLC)1150901795,0505-A-35 (online),HE 20.7008:C 81/2,Health alert: coronavirus disease 2019 (COVID-19) : you have traveled internationally and are at higher risk.,"Department of Health & Human Services, CDC,",2020.,https://purl.fdlp.gov/GPO/gpo134491,,https://www.cdc.gov/coronavirus/2019-ncov/downloads/COVID19-Traveler-Info-Card.pdf,
001118065,(OCoLC)1149924483,0504 (online),HE 20.7002:H 19/4/LARGE/ENG.,Keep calm and wash your hands.,"U.S. Department of Health and Human Services, Centers for Disease Control and Prevention,",[2020],https://purl.fdlp.gov/GPO/gpo134553,,https://www.cdc.gov/handwashing/pdf/keep-calm-wash-your-hands_11x17.pdf,
001118070,(OCoLC)1149924853,0504 (online),HE 20.7002:H 19/4/LARGE/SPAN.,Mantenga la calma y lávese las manos.,"U.S Department of Health and Human Services, Centers for Disease Control and Prevention,",[2020],https://purl.fdlp.gov/GPO/gpo134554,,https://www.cdc.gov/handwashing/pdf/keep-calm-wash-your-hands-spanish_11x17.pdf,
001118191,(OCoLC)1149392889,0505-A-35 (online),HE 20.7008:C 81/5,Health alert: coronavirus disease 2019 (COVID-19) : you have recently been on a cruise ship or river cruise.,"Department of Health & Human Services, CDC,",2020.,https://purl.fdlp.gov/GPO/gpo134555,,https://www.cdc.gov/coronavirus/2019-ncov/downloads/fs-guide-disembark-ship.pdf,
001118225,(OCoLC)1149450913,0505-A-35 (online),HE 20.7008:C 81/5/VIETNAMESE,Cảnh Báo Y Tế: bệnh Vi-rút Corona 2019 (COVID-19) : Gần đây quý vị đã đi du thuyền hoặc tàu du lịch trên sông.,"Department of Health & Human Services, CDC,",2020.,https://purl.fdlp.gov/GPO/gpo134556,,https://www.cdc.gov/coronavirus/2019-ncov/downloads/fs-guide-disembark-ship-vietnamese.pdf,
001118282,(OCoLC)1149141708,0504 (online),HE 20.7002:C 81/25,Coronavirus disease 2019 (COVID-19) preparedness checklist for nursing homes and other long-term care settings.,"Department of Health & Human Services, CDC,",[2020],https://purl.fdlp.gov/GPO/gpo134557,,https://www.cdc.gov/coronavirus/2019-ncov/downloads/novel-coronavirus-2019-Nursing-Homes-Preparedness-Checklist_3_13.pdf,
001118322,(OCoLC)1149141729,0504 (online),HE 20.7002:C 81/26,Global health alert: coronavirus 2019 : for 14 days after your trip--- stay home. Monitor your health. Practice social distancing.,"Department of Health & Human Services, CDC,",[2020],https://purl.fdlp.gov/GPO/gpo134558,,https://www.cdc.gov/coronavirus/2019-ncov/images/travel-health-alert-after-travel.jpg,
001118325,(OCoLC)1149142231,0504 (online),HE 20.7002:C 81/26/SPANISH,Alerta de salud global: coronavirus 2019 : por 14 dias despues de su viaje: quedese en casa. Vigile su salud. Practique el distanciamento social.,"Department of Health & Human Services, CDC,",[2020],https://purl.fdlp.gov/GPO/gpo134559,,https://www.cdc.gov/coronavirus/2019-ncov/images/travel-health-alert-after-travel-sp.jpg,
001118375,(OCoLC)1149091890,0504 (online),HE 20.7002:C 81/29,Health alert: areas affected by coronavirus disease 2019 : if you must travel to an outbreak area.,"[United States Department of Health and Human Services, Centers for Disease Control and Prevention],",2020.,https://purl.fdlp.gov/GPO/gpo134560,,https://www.cdc.gov/coronavirus/2019-ncov/images/health-alert-departing-travelers.jpg,
001118408,(OCoLC)1148475690,0818-J (online),LC 42.2:L 52/2,Continuity of legislative activities during emergency situations in selected countries /,"Law Library of Congress, Global Research Directorate,",2020.,https://purl.fdlp.gov/GPO/gpo134561,,https://www.loc.gov/law/help/emergency-legislative-activities/emergency-legislative-activities.pdf,
001118438,(OCoLC)1149131392,0504 (online),HE 20.7002:C 81/30,Coronavirus Disease 2019 (COVID-19) : keeping patients on dialysis safe.,"Department of Health & Human Services, CDC,",2020.,https://purl.fdlp.gov/GPO/gpo134562,,https://www.cdc.gov/coronavirus/2019-ncov/downloads/healthcare-facilities/316158-A_FS_ProtectSelfAndFam.pdf,
001118458,(OCoLC)1149391556,0505-A-35 (online),HE 20.7008:C 81/8,"Interim guidance for administrators of US K-12 schools and child care programs to plan, prepare, and respond to coronavirus disease 2019 (COVID-19).","Department of Health & Human Services, CDC,",2020.,https://purl.fdlp.gov/GPO/gpo134563,,https://www.cdc.gov/coronavirus/2019-ncov/community/schools-childcare/guidance-for-schools-h.pdf,
001118472,(OCoLC)1149013505,0504 (online),HE 20.7002:C 81/33,Coronavirus disease 2019 (COVID-19) : symptoms* of coronavirus disease.,"Centers for Disease Control and Prevention,",2020.,https://purl.fdlp.gov/GPO/gpo134564,,https://stacks.cdc.gov/view/cdc/85503,
001118503,(OCoLC)1149390852,0504 (online),HE 20.7002:C 81/35,Coronavirus disease 2019 (COVID-19) outpatient dialysis facility perparedness assessment tool.,"Department of Health & Human Services, CDC,",2020.,https://purl.fdlp.gov/GPO/gpo134565,,https://www.cdc.gov/coronavirus/2019-ncov/downloads/guidance-law-enforcement.pdf,
001118505,(OCoLC)1149014088,0504-W-40 (online),HE 20.7068/2:,COVIDView : a weekly surveillance summary of U.S. COVID-19 activity.,"CDC,",2020-,https://purl.fdlp.gov/GPO/gpo134566,,https://www.cdc.gov/coronavirus/2019-ncov/covid-data/covidview.html,
001118506,(OCoLC)1149014082,0504 (online),HE 20.7002:C 81/36,Use of cloth face coverings to help slow the spread of COVID-19.,"Department of Health & Human Services, CDC,",2020.,https://purl.fdlp.gov/GPO/gpo134567,,https://www.cdc.gov/coronavirus/2019-ncov/downloads/DIY-cloth-face-covering-instructions.pdf,
001118540,(OCoLC)1149390631,0504 (online),HE 20.7002:C 81/37,What law enforcement personnel need to know about coronavirus disease 2019 (COVID-19).,"Department of Health & Human Services, CDC,",2020.,https://purl.fdlp.gov/GPO/gpo134568,,https://www.cdc.gov/coronavirus/2019-ncov/downloads/guidance-law-enforcement.pdf,
001118565,(OCoLC)1149150343,0765 (online),L 35.2:C 81/SPANISH,Tome medidas para prevenir la exposicion de los trabajadores al coronavirus (COVID-19).,"Administracion de Seguridad y Salud Ocupacional,",2020.,https://purl.fdlp.gov/GPO/gpo134569,,https://www.osha.gov/Publications/OSHA3991.pdf,
001118678,(OCoLC)1149148595,0504 (online),HE 20.7002:C 81/3/FRENCH,Que faire si vous etes atteint de la maladie du coronavirus 2019 (COVID-19).,"Department of Health & Human Services, CDC,",2020.,https://purl.fdlp.gov/GPO/gpo134570,,https://www.cdc.gov/coronavirus/2019-ncov/downloads/sick-with-2019-nCoV-fact-sheet-french.pdf,
001118687,(OCoLC)1149149347,0504 (online),HE 20.7002:C 81/31,Get your clinic ready for coronavirus disease 2019 (COVID-19).,"Department of Health & Human Services, CDC,",2020.,https://purl.fdlp.gov/GPO/gpo134571,,https://www.cdc.gov/coronavirus/2019-ncov/downloads/Clinic.pdf,
001118695,(OCoLC)1149149707,0765 (online),L 35.2:C 81,Prevent worker exposure to coronavirus (COVID-19).,"Occupational Safety and Health Administration,",2020.,https://purl.fdlp.gov/GPO/gpo134572,,,
001118791,(OCoLC)1149539869,0505-A-35 (online),HE 20.7008:C 81/2/KOREAN,,"Department of Health & Human Services, CDC,",2020.,https://purl.fdlp.gov/GPO/gpo134573,,https://www.cdc.gov/coronavirus/2019-ncov/downloads/COVID19-Traveler-Info-Card-korean.pdf,
001118875,(OCoLC)1149924682,0504 (online),HE 20.7002:H 19/3/FR.,Lavez-vouz les mains!,"U.S. Department of Health and Human Services, Centers for Disease Control and Prevention,",2020.,https://purl.fdlp.gov/GPO/gpo134574,,https://www.cdc.gov/handwashing/pdf/wash-your-hands-poster-french-508.pdf,
001118893,(OCoLC)1149925633,0504 (online),HE 20.7002:H 19/4/SMALL/ENG.,Keep calm and wash your hands.,"U.S. Department of Health and Human Services, Centers for Disease Control and Prevention,",[2020],https://purl.fdlp.gov/GPO/gpo134575,,https://www.cdc.gov/handwashing/pdf/keep-calm-wash-your-hands_8.5x11.pdf,
001118962,(OCoLC)1150259752,0504 (online),HE 20.7002:C 81/10/SPANISH,Comparta la información sobre el COVID-19 : Infórmese sobre la enfermedad del coronavirus 2019 (COVID-19) y ayude a detener los rumores.,"Department of Health & Human Service, CDC,",2020.,https://purl.fdlp.gov/GPO/gpo134576,,https://www.cdc.gov/coronavirus/2019-ncov/downloads/315446-B_FS_ShareFactsAboutCOVID-19.pdf,
001118989,(OCoLC)1150785619,0745-C-01 (online),L 35.8:C 81/3,COVID-19 guidance for retail workers.,"Occupational Safety and Health Administration,",2020.,https://purl.fdlp.gov/GPO/gpo134577,,https://www.osha.gov/Publications/OSHA3996.pdf,
001118992,(OCoLC)1150315770,0504 (online),HE 20.7002:C 81/17/MASSACHUSETTS,"CDC's recommendations for implementation of mitigation strategies for Massachusetts, based on current situation with COVID-19 transmission.",,[2020].,https://purl.fdlp.gov/GPO/gpo134578,,https://www.cdc.gov/coronavirus/2019-ncov/downloads/MA_Community_Mitigation.pdf,
001119058,(OCoLC)1150782927,0504 (online),HE 20.7002:C 81/16/SPANISH,Implementación de estrategias de mitigación para comunidades con transmisión local de COVID-19.,"Department of Health & Human Services, CDC,",2020.,https://purl.fdlp.gov/GPO/gpo134579,,https://www.cdc.gov/coronavirus/2019-ncov/downloads/community-mitigation-strategy-spanish.pdf,
001119081,(OCoLC)1150785652,0504 (online),HE 20.7002:INTERNET/4,Coronavirus (COVID-19).,"The White House, Centers for Disease Control and Prevention;Government Publishing Office,",2020-,https://purl.fdlp.gov/GPO/gpo134580,https://purl.fdlp.gov/GPO/gpo135788,https://www.coronavirus.gov/,
001115781,,0504 (online),HE 20.7002:C 81/6/SPAN.,Detenga la propagacion de los microbios : ayude a prevenir la propagacion de virus respiratorios como el nuevo COVID-19.,"United States Department of Health and Human Services, Centers for Disease Control and Prevention,",[2020].,https://purl.fdlp.gov/GPO/gpo134581,,,
001117476,,0504 (online),HE 20.7002:C 81/16,"Implementation of mitigation strategies for communities with local COVID-19 transmission,","United States Department of Health and Human Services, Centers for Disease Control and Prevention,",2020.,https://purl.fdlp.gov/GPO/gpo134582,,,
001117594,,0504 (online),HE 20.7002:C 81/3/ARABIC,What to do if you are sick with coronavirus disease 2019 (COVID-19).,"Atlanta, GA :","United States Department of Health and Human Services, Centers for Disease Control and Prevention,",https://purl.fdlp.gov/GPO/gpo134583,,,
001117606,,0504 (online),HE 20.7002:C 81/3/DARI,What to do if you are sick with coronavirus disease 2019 (COVID-19).,"United States Department of Health and Human Services, Centers for Disease Control and Prevention,",2020.,https://purl.fdlp.gov/GPO/gpo134584,,,
001117620,,0504 (online),HE 20.7002:C 81/3/FARSI,What to do if you are sick with coronavirus disease 2019 (COVID-19).,"United States Department of Health and Human Services, Centers for Disease Control and Prevention,",2020.,https://purl.fdlp.gov/GPO/gpo134585,,,
001117636,,0504 (online),HE 20.7002:C 81/3/RUSSIAN,What to do if you are sick with coronavirus disease 2019 (COVID-19).,"United States Department of Health and Human Services, Centers for Disease Control and Prevention,",2020.,https://purl.fdlp.gov/GPO/gpo134586,,,
001117653,,0504 (online),HE 20.7002:C 81/3/SWAHILI,Jambo la kufanya iwapo umepatwa na ugonjwa wa virusi vya korona 2019 (COVID-19).,"United States Department of Health and Human Services, Centers for Disease Control and Prevention,",2020.,https://purl.fdlp.gov/GPO/gpo134587,,,
001117659,,0504 (online),HE 20.7002:C 81/3/UKRAINIAN,What to do if you are sick with coronavirus disease 2019 (COVID-19).,"United States Department of Health and Human Service, Centers for Disease Control and Prevention,",2020.,https://purl.fdlp.gov/GPO/gpo134588,,,
001117670,,0504 (online),HE 20.7002:C 81/6/FRENCH,Empecher la propagation des germes : aidez à éviter la propagation des maladies respiratoire comme le COVID-19.,"United States Department of Health and Human Services, Centers for Disease Control and Prevention,",2020.,https://purl.fdlp.gov/GPO/gpo134589,,,
001117680,,0504 (online),HE 20.7002:C 81/6/ARABIC,Stop the spread of germs : help prevent the spread of respiratory diseases like COVID-19.,"United States Department of Health and Human Services, Centers for Disease Control and Prevention,",2020.,https://purl.fdlp.gov/GPO/gpo134590,,,
001117684,,0504 (online),HE 20.7002:C 81/6/DARI,Stop the spread of germs : help stop the spread of respiratory diseases like COVID-19.,"United States Department of Health and Human Services, Centers for Disease Control and Prevention,",2020.,https://purl.fdlp.gov/GPO/gpo134591,,,
001117695,,0504 (online),HE 20.7002:C 81/6/FARSI,Stop the spread of germs : help prevent the spread of respiratory diseases like COVID-19.,"United States Department of Health and Human Services, Centers for Disease Control and Prevention,",2020.,https://purl.fdlp.gov/GPO/gpo134592,,,
001117700,,0504 (online),HE 20.7002:C 81/6/RUSSIAN,Stop the spread of germs : help prevent the spread of respiratory diseases like COVID-19.,"United States Department of Health and Human Services, Centers for Disease Control and Protection,",2020.,https://purl.fdlp.gov/GPO/gpo134593,,,
001117706,,0504 (online),HE 20.7002:C 81/6/SWAHILI,Komesha kuenea kwa viini : saidia kuzuia kusambaa kwa magonjwa ya mfumo wa upumuaji kama vile COVID-19.,"United States Department of Health and Human Services, Centers for Disease Control and Prevention,",2020.,https://purl.fdlp.gov/GPO/gpo134594,,,
001117712,,0504 (online),HE 20.7002:C 81/6/UKRAINIAN,Stop the spread of germs : help prevent the spread of respiratory diseases like COVID-19.,"United States Department of Health and Human Services, Centers for Disease Control and Prevention,",2020.,https://purl.fdlp.gov/GPO/gpo134595,,,
001117716,,0504 (online),HE 20.7002:C 81/6/VIETNAMESE,Stop the spread of germs : help prevent the spread of respiratory diseases like COVID-19.,"United States Department of Health and Human Services, Centers for Disease Control and Prevention,",2020.,https://purl.fdlp.gov/GPO/gpo134596,,,
001117732,,0504 (online),HE 20.7002:C 81/6/KOREAN,Stop the spread of germs : help prevent the spread of respiratory diseases like COVID-19.,"United States Department of Health and Human Services, Centers for Disease Control and Prevention,",2020.,https://purl.fdlp.gov/GPO/gpo134597,,,
001117754,,0504 (online),HE 20.7002:C 81/6/LANDSCAPE,Stop the spread of germs : help prevent the spread of respiratory diseases like COVID-19.,"United States Department of Health and Human Services, Centers for Disease Control and Prevention,",2020.,https://purl.fdlp.gov/GPO/gpo134598,,,
001117758,,0504 (online),HE 20.7002:C 81/6/PORTRAIT,Stop the spread of germs : help prevent the spread of respiratory diseases like COVID-19.,"United States Department of Health and Human Services, Centers for Disease Control and Prevention,",2020.,https://purl.fdlp.gov/GPO/gpo134599,,,
001117787,,0504 (online),HE 20.7002:C 81/3/AMHARIC,What to do if you are sick with coronavirus disease 2019 (COVID-19).,"United States Department of Health and Human Services, Centers for Disease Control and Prevention,",2020.,https://purl.fdlp.gov/GPO/gpo134600,,,
001117790,,0504 (online),HE 20.7002:C 81/3/NEPALI,What to do if you are sick with coronavirus 2019 (COVID-19).,"United States Department of Health and Human Services, Centers for Disease Control and Prevention,",2020.,https://purl.fdlp.gov/GPO/gpo134601,,,
001117803,,0504 (online),HE 20.7002:C 81/3/PASHTO,What to do if you are sick with coronavirus 2019 (COVID-19).,"United States Department of Health and Human Services, Centers for Disease Control and Prevention,",2020.,https://purl.fdlp.gov/GPO/gpo134602,,,
001117816,,(online),HE 20.7002:C 81/3/SOMALI,Waxa aad samaynayso haddii aad qaaddo cudurka coronavirus 2019 (COVID-19).,"United States Department of Health and Human Services, Centers for Disease Control and Prevention,",2020.,https://purl.fdlp.gov/GPO/gpo134603,,,
001117817,,0504 (online),HE.20.7002:C 81/3/TIGRYNA,What to do if you are sick with coronavirus 2019 (COVID-19).,"United States Department of Health and Human Services, Centers for Disease Control and Prevention,",2020.,https://purl.fdlp.gov/GPO/gpo134604,,,
001117823,,0504 (online),HE 20.7002:C 81/6/AMHARIC,Stop the spread of germs : help prevent the spread of respiratory diseases like COVID-19.,"United States Department of Health and Human Services, Centers for Disease Control and Prevention,",2020.,https://purl.fdlp.gov/GPO/gpo134605,,,
001117831,,0504 (online),HE 20.7002:C 81/6/NEPALI,Stop the spread of germs : help prevent the spread of respiratory diseases like COVID-19.,"United States Department of Health and Human Services, Centers for Disease Control and Prevention,",2020.,https://purl.fdlp.gov/GPO/gpo134606,,,
001117835,,0504 (online),HE 20.7002:C 81/6/HAITIAN-CREOLE,Stop the spread of germs : help prevent the spread of respiratory diseases like COVID-19.,"United States Department of Health and Human Services, Centers for Disease Control and Prevention,",2020.,https://purl.fdlp.gov/GPO/gpo134607,,,
001117837,,0504 (online),HE 20.7002:C 81/6/PASHTO,Stop the spread of germs : help prevent the spread of respiratory diseases like COVID-19.,"United States Department of Health and Human Services, Centers for Disease Control and Prevention,",2020.,https://purl.fdlp.gov/GPO/gpo134608,,,
001117864,,0504 (online),HE 20.7002:C 81/6/TIGRYNA,Stop the spread of germs : help prevent the spread of respiratory diseases like COVID-19.,"United States Department of Health and Human Services, Centers for Disease Control and Prevention,",2020.,https://purl.fdlp.gov/GPO/gpo134609,,,
001117883,,0504 (online),HE 20.7002:C 81/10/CHINESE,Share facts about COVID-19 : know the facts about coronavirus disease 2019 (COVID-19) and help stop the spread of rumors.,"United States Department of Health and Human Services, Centers for Disease Control and Prevention,",2020.,https://purl.fdlp.gov/GPO/gpo134610,,,
001117900,,0504 (online),HE 20.7002:C 81/7/CHINESE,Symptoms of coronavirus disease 2019.,"United States Department of Health and Human Services, Centers for Disease Control and Prevention,",2020.,https://purl.fdlp.gov/GPO/gpo134611,,,
001117927,,0504 (online),HE 20.7002:C 81/7/KOREAN,Symptoms of coronavirus disease 2019.,"United States Department of Health and Human Services, Centers for Disease Control and Prevention,",2020.,https://purl.fdlp.gov/GPO/gpo134612,,,
001117932,,0504 (online),HE 20.7002:C 81/7/VIETNAMESE,Symptoms of coronavirus disease 2019.,"United States Department of Health and Human Services, Centers for Disease Control and Prevention,",2020.,https://purl.fdlp.gov/GPO/gpo134613,,,
001117943,,00504 (online),HE 20.7002:C 81/7/HAITIAN-CREOLE,Symptoms of coronavirus disease 2019.,"United States Department of Health and Human Services, Centers for Disease Control and Prevention,",2020.,https://purl.fdlp.gov/GPO/gpo134614,,,
001117960,,0504 (online),HE 20.7002:C 81/3/BURMESE,What to do if you are sick with coronavirus 2019 (COVID-19).,"United States Department of Health and Human Services, Centers for Disease Control and Prevention,",2020.,https://purl.fdlp.gov/GPO/gpo134615,,,
001117965,,0504 (online),HE 20.7002:C/81/6/BURMESE,Stop the spread of germs : help prevent the spread of respiratory diseases like COVID-19.,"United States Department of Health and Human Services, Centers for Disease Control and Prevention,",2020.,https://purl.fdlp.gov/GPO/gpo134616,,,
001118027,,0505-A-35 (online),HE 20.7008:C 81/2/SPANISH,Alerta de salud: enfermedad del coronavirus 2019 (COVID-19) viajó a un país con brote de COVID-19 y tiene un riesgo más alto.,"United States Department of Health and Human Services, Centers for Disease Control and Prevention,",2020.,https://purl.fdlp.gov/GPO/gpo134617,,,
001118034,,0505-A-35 (online),HE 20.7008:C 81/2/CHINESE,Health alert: coronavirus disease (COVID-19) : you have traveled internationally and are at higher risk.,"United States Department of Health and Human Services, Centers for Disease Control and Prevention,",2020.,https://purl.fdlp.gov/GPO/gpo134618,,,
001118200,,0505-A-35 (online),HE 20.7008:C 81/5/SPANISH,Alerta de salud: enfermedad del coronavirus 2019 (COVID-19) : hace poco estuvo de viaje en un crucero.,"United States Department of Health and Human Services, Centers for Disease Control and Prevention,",2020.,https://purl.fdlp.gov/GPO/gpo134619,,,
001118216,,0505-A-35 (online),HE 20.7008:C 81/5/CHINESE,Health alert: coronavirus disease 2019 (COVID-19) : you have been on a cruise ship or river cruise.,"United States Department of Health and Human Services, Centers for Disease Control and Prevention,",2020.,https://purl.fdlp.gov/GPO/gpo134620,,,
001118229,,0505-A-35 (online),HE 20.7008:C 81/5/KOREAN,Health alert: coronavirus disease 2019 (COVID-19) : you have been on a cruise ship or river cruise.,"United States Department of Health and Human Services, Centers for Disease Control and Prevention,",2020.,https://purl.fdlp.gov/GPO/gpo134621,,,
001118234,,0504 (online),HE 20.7002:C 81/6/LARGE,Stop the spread of germs : help prevent the spread of respiratory diseases like COVID-19.,"United States Department of Health and Human Services, Centers for Disease Control and Prevention,",2020.,https://purl.fdlp.gov/GPO/gpo134622,,,
001118240,,0504 (online),HE 20.7002:C 81/6/LARGE/SPANISH,"Stop the spread of germs : help stop the spread of respiratory diseases like COVID-19,","United States Department of Health and Human Services, Centers for Disease Control and Prevention,",2020.,https://purl.fdlp.gov/GPO/gpo134623,,,
001118243,,0504 (online),HE 20.7002:C 81/23/POSTER,Use personal protective equipment (PPE) when caring for patients with confirmed or suspected COVID-19 (poster).,"United States Department of Health and Human Services, Centers for Disease Control and Prevention,",2020.,https://purl.fdlp.gov/GPO/gpo134624,,,
001118246,,0504 (online),HE 20.7002:C 81/23/FACTSHEET,Use personal protective equipment (PPE) when caring for a patient with confirmed or suspected COVID-19 (factsheet).,"United States Department of Health and Human Services, Centers for Disease Control and Prevention,",2020.,https://purl.fdlp.gov/GPO/gpo134625,,,
001118267,,0504 (online),HE 20.7002:C 81/24,Human infection with 2019 Novel Coronavirus : person under investigation (PUI) and case report form.,"United States Department of Health and Human Services, Centers for Disease Control and Prevention,",2020.,https://purl.fdlp.gov/GPO/gpo134626,,,
001118327,,0504 (online),HE 20.7002:C 81/26/CHINESE,Global health alert: coronavirus 2019 : for 14 days after your trip - stay home. Monitor your health. Practice social distancing.,"United States Department of Health and Human Services, Centers for Disease Control and Prevention,",2020.,https://purl.fdlp.gov/GPO/gpo134627,,,
001118334,,0504 (online),HE 20.7002:C 81/26/KOREAN,Global health alert: coronavirus 2019 : for 14 days after your trip - stay home. Monitor your health. Practice social distancing.,"United States Department of Health and Human Services, Centers for Disease Control and Prevention,",2020.,https://purl.fdlp.gov/GPO/gpo134628,,,
001118336,,0504 (online),HE 20.7002:C 81/26/VIETNAMESE,Global health alert: coronavirus 2019 : for 14 days after your trip - stay home. Monitor your health. Practice social distancing.,"United States Department of Health and Human Services, Centers for Disease Control and Prevention,",2020.,https://purl.fdlp.gov/GPO/gpo134629,,,
001118372,,0504 (online),HE 20.7002:C 81/28/ENGLISH/SPANISH,Health alert: coronavirus disease 2019 (COVID-19) : Southern Border crossing T-HAN (Travelers Health Alert Notice).,"United States Department of Health and Human Services, Centers for Disease Control and Prevention,",2020.,https://purl.fdlp.gov/GPO/gpo134630,,,
001118384,,0504 (online),HE 20.7002:C 81/29/SPANISH,Alerta de salud: areas afectadas por la enfermedad del coronavirus 2019 : si tiene que viajara un area donde hay un brote.,"United States Department of Health and Human Services, Centers for Disease Control and Prevention,",2020.,https://purl.fdlp.gov/GPO/gpo134631,,,
001118388,,0504 (online),HE 20.7002:C 81/29/CHINESE,Health alert: areas affected by coronavirus disease 2019 : if you must travel to an outbreak area.,"United States Department of Health and Human Services, Centers for Disease Control and Prevention,",2020.,https://purl.fdlp.gov/GPO/gpo134632,,,
001118409,,0504 (online),HE 20.7002:C 81/29/KOREAN,Health alert: areas affected by coronavirus disease 2019. if you must travel to an outbreak area.,"United States Department of Health and Human Services, Centers for Disease Control and Prevention,",2020.,https://purl.fdlp.gov/GPO/gpo134633,,,
001118413,,0504 (online),HE 20.7002:C 81/29/VIETNAMESE,Health alert: areas affected by coronavirus disease 2019 : if you must travel to an outbreak area.,"United States Department of Health and Human Services, Centers for Disease Control and Prevention,",2020.,https://purl.fdlp.gov/GPO/gpo134634,,,
001118455,,0504 (online),HE 20.7002:C 81/32,How our facility is keeping patients safe from COVID-19.,"United States Department of Health and Human Services, Centers for Disease Control and Protection,",2020.,https://purl.fdlp.gov/GPO/gpo134635,,,
001118473,,0504 (online),HE 20.7002:C 81/33,What you can do if you are at higher risk of severe illness from COVID-19.,"United States Department of Health and Human Services, Centers for Disease Control and Prevention,",2020.,https://purl.fdlp.gov/GPO/gpo134636,,,
001118475,,0504 (online),HE 20.7002:C 81/34,COVID-19 personal protective equipment (PPE) for healthcare personnel.,"United States Department of Health and Human Services, Centers for Disease Control and Prevention,",2020.,https://purl.fdlp.gov/GPO/gpo134637,,,
001118500,,0505-A-35 (online),HE 20.7008:C 81/9,Phone advice line tools : guidelines for children (2-17 years) or adults (18 years or older) with possible COVID-19.,"United States Department of Health and Human Services, Centers for Disease Control and Prevention,",2020.,https://purl.fdlp.gov/GPO/gpo134638,,,
001118508,,0745-C-01 (online),L 35.8:C 81,Guidelines on preparing workplaces for COVID-19.,"United States Department of Labor, Occupational Safety and Health Administration,",2020.,https://purl.fdlp.gov/GPO/gpo134639,,,
001118549,,0745-C-01 (online),L 35.8:C 81/SPANISH,Guia sobre la preparacion de los lugares de trabajo para el virus COVID-19.,"United States Department of Labor, Occupational Safety and Health Administration,",2020.,https://purl.fdlp.gov/GPO/gpo134640,,,
001118679,,0504 (online),HE 20.7002:C 81/42,Priorities for testing patients with suspected COVID-19 infection.,"United States Department of Health and Human Services, Centers for Disease Control and Prevention,",2020.,https://purl.fdlp.gov/GPO/gpo134641,,,
001118712,,0504 (online),HE 20.7002:C 81/43,Steps to help prevent the spread of COVID-19 if you are sick.,"United States Department of Health and Human Services, Centers for Disease Control and Prevention,",2020.,https://purl.fdlp.gov/GPO/gpo134642,,,
001118728,,0504 (online),HE 20.7002:C 81/16/CHINESE,Implementation of mitigation strategies for communities with local COVID-19 transmission.,"United States Department of Health and Human Services, Centers for Disease Control and Prevention,",2020.,https://purl.fdlp.gov/GPO/gpo134643,,,
001118730,,0504 (online),HE 20.7002:C 81/16/VIETNAMESE,Implementation of mitigation strategies for communities with local COVID-19 transmission.,"United States Department of Health and Human Services, Centers for Disease Control and Prevention,",2020.,https://purl.fdlp.gov/GPO/gpo134644,,,
001118744,,0504 (online),HE 20.7002:C 81/16/KOREAN,Implementation of mitigation strategies for communities with local COVID-19 transmission.,"United States Department of Health and Human Services, Centers for Disease Control and Prevention,",2020.,https://purl.fdlp.gov/GPO/gpo134645,,,
001118786,,0765 (online),L 35.2:C 81/2,Worker exposure risk to COVID-19.,"United States Department of Labor, Occupational Safety and Health Administration.",2020.,https://purl.fdlp.gov/GPO/gpo134646,,,
001118790,,0765 (online),L 35.2:C 81/2/SPANISH,Riesgo de exposicion de los trabajadores a COVID-19.,"United States Department of Labor, Occupational Safety and Health Administration,",2020.,https://purl.fdlp.gov/GPO/gpo134647,,,
001118796,,0512-A-01 (online),HE 22.2:C 81/2,COVID-19 emergency declaration blanket waivers for health care providers.,"United States Department of Health and Human Services, Centers for Medicare and Medicaid Services,",2020.,https://purl.fdlp.gov/GPO/gpo134648,,,
001118982,,0745-C-01 (online),L 35.8:C 81/2,COVID-19 guidance for the package delivery workforce.,"United States Department of Labor, Occupational Safety and Health Administration,",2020.,https://purl.fdlp.gov/GPO/gpo134649,,,
001118987,,0745-C-01 (online),L 35.8:C 81/2/SPANISH,Guia sobre la preparacion del personal de entrega de paquetes para el virus COVID-19.,"United States Department of Labor, Occupational Safety and Health Administration,",2020.,https://purl.fdlp.gov/GPO/gpo134650,,,
001118997,,0745-C-01 (online),L 35.8:C 81/3/SPANISH,Guía sobre COVID-19 para empleados minoristas.,"United States Department of Labor, Occupational Safety and Health Administration,",,https://purl.fdlp.gov/GPO/gpo134651,,,
001119223,,0504 (online),HE 20.7002:C 81/43/AMHARIC,Steps to help prevent the spread of COVID-19 if you are sick.,"United States Department of Health and Human Services, Centers for Disease Control and Prevention,",2020.,https://purl.fdlp.gov/GPO/gpo134652,,,
001119234,,0504 (online),HE 20.7002:C 81/43/ARABIC,Steps to help prevent the spread of COVID-19 if you are sick.,"United States Department of Health and Human Services, Centers for Disease Control and Prevention,",2020.,https://purl.fdlp.gov/GPO/gpo134653,,,
001119236,,0504 (online),HE 20.7002:C 81/43/BURMESE,Steps to help prevent the spread of COVID-19 if you are sick.,"United States Department of Health and Human Services, Centers for Disease Control and Prevention,",2020.,https://purl.fdlp.gov/GPO/gpo134654,,,
001119240,,0504 (online),HE 20.7002:C 81/43/DARI,Steps to help prevent the spread of COVID-19.,"United States Department of Health and Human Services, Centers for Disease Control and Prevention,",2020.,https://purl.fdlp.gov/GPO/gpo134655,,,
001119247,,0504 (online),HE 20.7002:C 81/43/FARSI,Steps to help prevent the spread of COVID-19,"United States Department of Health and Human Services, Centers for Disease Control and Prevention,",2020.,https://purl.fdlp.gov/GPO/gpo134656,,,
001119250,,0504 (online),HE 20.7002:C 81/43/FRENCH,Que faire si vous êtes atteint dela maladie du coronavirus 2019 (COVID-19).,"United States Department of Health and Human Services, Centers for Disease Control and Convention,",2020.,https://purl.fdlp.gov/GPO/gpo134657,,,
001119252,,0504 (online),HE 20.7002:C 81/43/HAITIAN-CREOLE,Kisa pou fè si ou malad avèkmaladi kowonaviris 2019 (COVID-19).,"United States Department of Health and Human Services, Centers for Disease Control and Prevention,",2020.,https://purl.fdlp.gov/GPO/gpo134658,,,
001119255,,0504 (online),HE 20.7002:C 81/43/NEPALI,Steps to help prevent the spread of COVID-19 if you are sick.,"United States Department of Health and Human Services, Centers for Disease Control and Prevention,",2020.,https://purl.fdlp.gov/GPO/gpo134659,,,
001119261,,0504 (online),HE 20.7002:C 81/43/PASHTO,Steps to help prevent the spread of COVID-19 if you are sick.,"United States Department of Health and Human Services, Centers for Disease Control and Prevention,",2020.,https://purl.fdlp.gov/GPO/gpo134660,,,
001119268,,0504 (online),HE 20.7002:C 81/43/RUSSIAN,Steps to help prevent the spread of COVID-19 if you are sick.,"United States Department of Health and Human Services, Centers for Disease Control and Prevention,",2020.,https://purl.fdlp.gov/GPO/gpo134661,,,
001119273,,0504 (online),HE 20.7002:C 81/43/SOMALI,Steps to help prevent the spread of COVID-19 if you are sick.,"United States Department of Health and Human Services, Centers for Disease Control and Prevention,",2020.,https://purl.fdlp.gov/GPO/gpo134662,,https://www.cdc.gov/coronavirus/2019-ncov/downloads/sick-with-2019-nCoV-fact-sheet-somali.pdf,
001119281,,0504 (online),HE 20.7002:C 81/43/SWAHILI,Jambo la kufanya iwapo umepatwa na ugonjwa wa virusi vya korona 2019 (COVID-19).,"United States Department of Health and Human Services, Centers for Disease Control and Prevention,",2020.,https://purl.fdlp.gov/GPO/gpo134663,,https://www.cdc.gov/coronavirus/2019-ncov/downloads/sick-with-2019-nCoV-fact-sheet-swahili.pdf,
001119285,,0504 (online),HE 20.7002:C 81/43/TIGRYNA,Steps to help prevent the spread of COVID-19 if you are sick.,"United States Department of Health and Human Services, Centers for Disease Control and Prevention,",2020.,https://purl.fdlp.gov/GPO/gpo134664,,https://www.cdc.gov/coronavirus/2019-ncov/downloads/sick-with-2019-nCoV-fact-sheet-tigryna.pdf,
